id1,id2,similarity,relatedness,contextual_similarity,FT-cbow,FT-SG,w2v-SG,w2v-cbow,Path-based,LV,NW
i,targ,0.3125,0.1718,0.0346,0.22,0.68,0.19,0.28,0.45,0.0,0.12
expr,hint,0.1457,0.2155,NAN,0.11,0.42,0.21,0.25,0.36,0.0,0.5
canvas,video,0.4167,0.7168,0.8173,0.48,0.57,0.49,0.24,0.78,0.0,0.42
idx,indx,0.8542,0.9129,0.9617,0.67,0.7,0.38,0.06,0.77,0.75,0.75
idx,ridx,0.4167,0.6948,0.3234,0.55,0.77,0.57,0.05,0.74,0.75,0.75
right,bottom,0.078,0.7547,NAN,0.69,0.84,0.89,0.68,0.93,0.0,0.42
count,total,0.8088,0.8308,0.7913,0.57,0.69,0.65,0.03,0.83,0.2,0.6
click,mousedown,0.7368,0.9448,0.3079,0.57,0.69,0.76,0.52,0.91,0.0,0.28
change,keyup,0.3542,0.4987,NAN,0.55,0.65,0.54,0.55,0.81,0.0,0.42
change,submit,0.327,0.4367,NAN,0.59,0.67,0.52,0.33,0.82,0.0,0.5
files,players,0.1168,0.1457,NAN,0.26,0.51,0.32,0.01,0.8,0.29,0.5
focus,resize,0.1332,0.3724,NAN,0.3,0.62,0.6,0.38,0.8,0.0,0.42
reset,refresh,0.639,0.8112,0.9822,0.45,0.63,0.62,0.28,0.86,0.43,0.57
pushStackLiteral,oldSelection,0.05,0.1807,0.231,0.13,0.27,0.32,0.31,0.55,0.12,0.44
onAdd,onRemove,0.0192,0.9396,NAN,0.81,0.86,0.91,0.46,0.94,0.25,0.44
black,colours,0.077,0.8593,0.242,0.42,0.74,0.72,-0.12,0.53,0.14,0.43
maroon,darkred,0.7115,0.819,NAN,0.45,0.73,0.71,0.15,0.84,0.29,0.57
cosφ0,cosφ,0.625,0.891,0.7597,0.94,0.97,0.9,0.74,NAN,0.8,0.8
allocate,contextmenu,0.1138,0.1441,0.0831,0.02,0.27,0.15,0.18,0.47,0.18,0.45
response,alert,0.3087,0.6002,0.5999,0.33,0.53,0.46,0.14,0.31,0.0,0.31
filename,fullname,0.1785,0.2903,NAN,0.65,0.65,0.7,0.11,0.72,0.75,0.88
objects,records,0.6428,0.6825,0.8931,0.5,0.58,0.59,0.36,0.77,0.14,0.57
ln,ilen,0.6965,0.7571,0.8591,0.44,0.64,0.45,0.51,0.89,0.5,0.5
tasks,todos,0.9525,0.9378,NAN,0.5,0.6,0.49,0.32,0.79,0.4,0.7
images,authors,0.0418,0.2445,NAN,0.33,0.54,0.41,0.15,0.73,0.14,0.5
editable,dropdown,0.0588,0.2769,NAN,0.3,0.51,0.48,0.23,0.73,0.0,0.5
sources,adapters,0.375,0.5703,0.841,0.34,0.46,0.3,0.23,0.69,0.25,0.56
ReactDOMComponent,ReactTextComponent,0.544,0.7231,0.8138,0.94,0.86,0.78,0.28,0.82,0.78,0.86
λ0,φ0,0.2668,0.6339,0.242,0.92,0.91,0.89,0.41,NAN,0.5,0.75
xMin,xMax,0.0207,0.9783,0.3719,0.9,0.95,0.97,0.38,0.9,0.5,0.75
FunctionExpression,FunctionDeclaration,0.2885,0.819,NAN,0.88,0.82,0.9,0.37,0.96,0.58,0.76
Lines,CurRange,0.3077,0.3763,0.7382,0.58,0.68,0.87,0.46,0.39,0.12,0.38
foundMap,foundStarMap,0.6923,0.819,NAN,0.91,0.86,0.92,0.46,0.89,0.67,0.67
columns,cols,0.9583,0.9419,NAN,0.78,0.81,0.78,0.31,0.83,0.57,0.57
dm,_queueHooks,0.15,0.198,NAN,0.0,0.34,0.18,0.17,0.3,0.0,0.09
fuchsia,pink,0.7345,0.8692,0.9877,0.28,0.77,0.92,0.48,0.95,0.0,0.29
maxLine,maxLineLength,0.5833,0.8039,0.7225,0.82,0.88,0.88,0.59,0.83,0.54,0.54
ExpressionStatement,FunctionDeclaration,0.3157,0.6423,NAN,0.66,0.67,0.81,0.46,0.92,0.11,0.53
addCls,removeCls,0.1457,0.8256,NAN,0.85,0.92,0.96,0.71,0.96,0.33,0.5
object2,overlapOnly,0.0588,0.0154,NAN,0.44,0.67,0.74,0.54,0.46,0.09,0.36
nameSegment,foundStarMap,0.125,0.0411,NAN,0.37,0.6,0.89,0.8,0.76,0.08,0.5
_selection,_sel,0.9808,0.9799,NAN,0.81,0.82,0.69,0.43,0.45,0.4,0.4
alignCenter,alignMiddle,0.625,0.8692,0.5563,0.87,0.9,0.94,0.58,0.94,0.45,0.73
alignTop,popupLocationBar,0.0973,0.2592,NAN,0.39,0.49,0.51,0.59,NAN,0.19,0.34
targetFrame,targetFrameName,0.8035,0.8878,0.935,0.91,0.93,0.83,0.75,0.81,0.73,0.73
angle,radians,0.5312,0.8692,0.9052,0.63,0.78,0.88,0.44,0.83,0.14,0.43
miny,ymin,0.9615,0.7989,NAN,0.48,0.81,0.7,0.24,0.9,0.5,0.62
element,dropdown,0.2917,0.477,0.7578,0.41,0.56,0.52,0.47,0.7,0.0,0.44
equal,eql,0.9723,0.971,0.983,0.7,0.79,0.73,0.73,0.72,0.6,0.6
item,entry,0.7763,0.7798,0.9186,0.4,0.63,0.46,0.13,0.84,0.2,0.5
events,rchecked,0.1427,0.1595,0.1819,0.19,0.31,0.18,-0.02,0.26,0.12,0.44
image,polyline,0.2223,0.3609,0.0247,0.2,0.44,0.31,-0.0,0.75,0.12,0.38
img,thumb,0.6528,0.7531,0.7658,0.45,0.6,0.54,0.13,0.7,0.2,0.4
player,peer,0.45,0.5991,0.966,0.53,0.64,0.51,0.23,0.68,0.5,0.58
files,profiles,0.2668,0.3549,0.5678,0.58,0.6,0.42,-0.01,0.77,0.62,0.62
reset,clear,0.897,0.9077,0.945,0.52,0.69,0.63,0.34,0.93,0.0,0.5
username,userid,0.603,0.954,0.8685,0.72,0.79,0.67,0.15,0.65,0.5,0.62
clear,refresh,0.4738,0.711,0.9717,0.55,0.66,0.61,0.35,0.81,0.14,0.43
disabled,Tracker,0.05,0.1457,NAN,0.16,0.36,0.19,0.04,0.28,0.25,0.56
olive,darkred,0.0938,0.6077,NAN,0.45,0.69,0.75,0.24,0.88,0.14,0.43
selectAnchor,anchorName,0.422,0.7385,0.9745,0.6,0.73,0.77,0.43,0.99,0.08,0.46
names,filenames,0.6562,0.8039,0.7983,0.62,0.64,0.5,0.1,0.78,0.56,0.56
setInterval,clearInterval,0.092,0.8624,0.3411,0.89,0.9,0.96,0.53,0.9,0.69,0.77
getRules,foldingRules,0.375,0.6224,0.0831,0.7,0.76,0.66,0.43,0.66,0.42,0.54
self_msgs,they_effects,0.0578,0.0748,0.2684,0.5,0.83,0.9,0.3,0.89,0.25,0.5
getInstanceProp,setInstanceProp,0.0,0.8954,0.0975,0.94,0.96,0.86,0.6,0.72,0.93,0.97
emptyText,blankText,0.8678,0.9077,0.966,0.67,0.73,0.69,0.11,0.92,0.44,0.72
minText,maxText,0.0735,0.9077,0.1279,0.95,0.9,0.93,0.65,0.99,0.71,0.86
maxText,disabledDaysText,0.0167,0.0586,NAN,0.66,0.72,0.87,0.51,0.93,0.31,0.38
disabledDaysText,disabledDatesText,0.3905,0.8692,0.6876,0.96,0.96,0.95,0.64,0.99,0.88,0.91
keywordMapper,buildinConstants,0.1332,0.1284,NAN,0.41,0.65,0.75,0.48,0.77,0.06,0.41
VM,invokePartial,0.0695,0.1284,NAN,0.13,0.55,0.83,0.25,0.77,0.0,0.08
blendMode,currentBlendMode,0.75,0.9038,0.9186,0.79,0.88,0.78,0.69,0.79,0.5,0.53
touchmove,touchend,0.2778,0.8256,0.6156,0.91,0.94,0.96,0.27,0.97,0.56,0.72
bindBuffer,ARRAY_BUFFER,0.3472,0.6658,0.625,0.51,0.81,0.96,0.72,0.65,0.08,0.46
traverseContext,mapResult,0.3958,0.4553,NAN,0.36,0.58,0.84,0.25,0.68,0.2,0.4
_owner,nextElement,0.0358,0.1595,0.1838,0.28,0.59,0.84,0.34,0.36,0.09,0.32
m21,m22,0.1345,0.7385,NAN,0.98,0.96,0.95,0.48,0.94,0.67,0.83
child,face,0.15,0.4247,NAN,0.12,0.46,0.32,0.14,0.5,0.0,0.4
displayMsg,emptyMsg,0.294,0.6925,NAN,0.47,0.8,0.79,0.24,0.88,0.5,0.65
pseudoElements,pseudoClasses,0.421,0.7246,0.851,0.71,0.75,0.78,0.74,0.99,0.57,0.75
lastName,firstName,0.075,0.8954,0.3464,0.9,0.94,0.97,0.41,0.9,0.67,0.78
Int16Array,Uint16Array,0.4625,0.9215,0.9195,0.91,0.91,0.94,0.18,0.83,0.82,0.86
startSymbol,endSymbol,0.0375,0.9738,NAN,0.94,0.91,0.97,0.6,0.98,0.55,0.68
decrypt,ciphertext,0.3625,0.8039,0.8173,0.63,0.77,0.86,0.19,0.58,0.2,0.45
rlocalProtocol,rurl,0.2738,0.5392,0.8272,0.66,0.6,0.67,0.47,0.91,0.21,0.25
hSpace,popupFeatures,0.0375,0.1501,0.0,0.25,0.48,0.6,0.49,0.86,0.23,0.35
linkTab,alignMiddle,0.1053,0.188,NAN,0.4,0.46,0.62,0.12,NAN,0.27,0.45
lockRatio,alignRight,0.0528,0.1467,0.231,0.47,0.45,0.57,0.13,0.74,0.2,0.55
substr,substring,1.0,0.9419,0.8889,0.91,0.86,0.9,0.64,0.97,0.67,0.67
columns,menus,0.327,0.5173,0.0404,0.35,0.5,0.4,0.18,0.52,0.29,0.5
history,$ERROR,0.0155,0.1663,NAN,0.16,0.33,0.14,0.14,NAN,0.0,0.43
deltaX,deltaY,0.2668,0.9129,NAN,0.98,0.96,0.99,0.64,0.95,0.83,0.92
MINUTE,SECOND,0.1405,0.9508,NAN,0.77,0.85,0.95,0.29,0.99,0.0,0.5
onDragStart,onDragEnd,0.1168,0.9825,NAN,0.95,0.93,0.88,0.27,0.96,0.55,0.68
body,agg,0.0938,0.1174,NAN,0.17,0.55,0.15,-0.01,0.36,0.0,0.38
rows,pages,0.1833,0.5991,NAN,0.41,0.62,0.49,0.31,0.81,0.2,0.5
store,storage,0.8333,0.9302,0.7382,0.72,0.71,0.59,0.09,0.77,0.71,0.71
angle,theta,0.625,0.7571,0.9186,0.52,0.74,0.83,0.31,0.85,0.0,0.5
foo,bar,0.5178,0.6077,0.8168,0.71,0.83,0.81,0.5,0.8,0.0,0.5
DATE,MONTH,0.2308,0.9799,0.5943,0.65,0.75,0.83,0.34,0.89,0.2,0.5
components,requests,0.0715,0.3277,NAN,0.34,0.44,0.26,0.22,0.77,0.3,0.55
modal,calendar,0.1095,0.1663,NAN,0.27,0.44,0.33,0.16,0.6,0.25,0.44
ids,tasks,0.3333,0.4595,NAN,0.38,0.58,0.31,0.26,0.8,0.2,0.4
toolbar,preview,0.0333,0.0934,NAN,0.35,0.58,0.77,0.4,0.78,0.0,0.5
$behaviour,foldingRules,0.1972,0.2568,0.0831,0.51,0.64,0.89,0.64,NAN,0.08,0.46
a01,b01,0.4062,0.6893,NAN,0.85,0.94,0.9,0.44,0.94,0.67,0.83
material,light,0.0657,0.2843,NAN,0.51,0.65,0.73,0.4,0.71,0.0,0.31
camera,texture,0.0832,0.2735,NAN,0.23,0.56,0.6,0.35,0.62,0.14,0.5
user,person,0.8947,0.8624,0.8462,0.55,0.73,0.72,0.19,0.81,0.17,0.42
selected,active,0.7763,0.8486,0.892,0.37,0.54,0.51,0.33,0.77,0.12,0.44
rows,columns,0.0832,0.8839,0.2155,0.72,0.78,0.81,0.34,0.86,0.29,0.43
files,problems,0.0555,0.0557,NAN,0.29,0.56,0.49,0.22,0.78,0.38,0.5
frames,markers,0.25,0.5497,NAN,0.11,0.35,0.31,0.06,0.69,0.29,0.57
objects,shortcuts,0.111,0.1428,NAN,0.2,0.38,0.42,0.12,0.69,0.33,0.56
cx,sx,0.3678,0.3847,NAN,0.45,0.77,0.61,0.52,0.68,0.5,0.75
tr,td,0.1,0.7385,NAN,0.81,0.82,0.8,0.56,0.77,0.5,0.75
foo,trow,0.2678,0.1221,0.7743,0.22,0.62,-0.02,0.17,0.35,0.25,0.5
bindBuffer,ELEMENT_ARRAY_BUFFER,0.2648,0.5078,0.276,0.49,0.79,0.9,0.65,0.63,0.05,0.28
navy,purple,0.2333,0.7037,0.5563,0.37,0.84,0.9,0.42,0.95,0.0,0.33
host,author,0.5683,0.5722,NAN,0.38,0.54,0.21,0.13,0.57,0.17,0.33
li,span,0.159,0.2869,NAN,0.53,0.73,0.59,0.37,0.82,0.0,0.25
orange,pink,0.1345,0.9195,NAN,0.21,0.73,0.75,0.49,0.88,0.17,0.42
CallExpression,BlockStatement,0.2142,0.4022,0.242,0.62,0.67,0.79,0.35,0.65,0.07,0.5
g,r,0.423,0.3363,0.8674,0.53,0.84,0.75,0.68,0.71,0.0,0.5
data,azimuthal,0.206,0.154,0.401,0.28,0.45,0.14,0.02,0.44,0.22,0.33
raw,movie,0.1527,0.3316,0.276,0.05,0.39,0.18,0.29,0.31,0.0,0.3
me,br,0.1322,0.1232,NAN,0.06,0.62,0.16,0.35,0.46,0.0,0.5
err,er,0.7115,0.7586,0.8889,0.74,0.8,0.76,0.71,0.9,0.67,0.67
res,resp,0.6042,0.6077,0.9224,0.68,0.81,0.63,0.52,0.9,0.75,0.75
content,newtext,0.3393,0.477,0.9284,0.35,0.57,0.34,0.22,0.51,0.43,0.71
utils,util,0.8088,0.9846,0.9526,0.71,0.73,0.56,0.37,0.9,0.8,0.8
renderer,screen,0.423,0.6177,0.8453,0.28,0.46,0.35,0.19,0.64,0.25,0.5
maroon,olive,0.0535,0.5703,NAN,0.31,0.82,0.95,0.64,0.9,0.0,0.42
olive,pink,0.044,0.5693,NAN,0.31,0.78,0.87,0.54,0.88,0.2,0.5
λ0,λ1,0.2668,0.7385,0.1838,0.92,0.95,0.95,0.83,NAN,0.5,0.75
arrayClass,boolClass,0.2353,0.677,NAN,0.65,0.76,0.84,0.31,0.97,0.5,0.7
paddingRight,paddingTop,0.0455,1.0,NAN,0.89,0.88,0.88,0.28,0.94,0.58,0.71
expect,bp,0.05,0.0238,0.1062,0.05,0.48,0.22,0.05,0.07,0.17,0.25
items,files,0.625,0.5892,0.7505,0.3,0.59,0.38,0.28,0.77,0.4,0.6
disabled,visible,0.103,0.5384,NAN,0.36,0.51,0.52,0.42,0.74,0.62,0.75
round,sqrt,0.0578,0.5173,NAN,0.6,0.78,0.77,0.85,0.76,0.0,0.4
teal,lightgrey,0.25,0.7845,NAN,0.25,0.7,0.87,0.39,NAN,0.11,0.28
navy,lightblue,0.4117,0.8923,0.231,0.38,0.76,0.87,0.35,0.9,0.0,0.22
navy,lightgreen,0.125,0.6514,NAN,0.31,0.75,0.89,0.47,0.94,0.0,0.2
navy,magenta,0.1765,0.8617,NAN,0.38,0.74,0.74,0.38,0.87,0.14,0.36
items,records,0.7345,0.8039,0.7983,0.47,0.58,0.71,0.3,0.85,0.14,0.43
hide,blur,0.2708,0.5424,NAN,0.5,0.71,0.59,0.39,0.69,0.0,0.5
VERSION,geoJson,0.0795,0.1085,0.1606,0.16,0.32,0.09,0.25,0.48,0.0,0.5
Util,isParam,0.1,0.2155,NAN,0.27,0.52,0.29,0.35,0.4,0.0,0.29
found,rawFunc,0.05,0.0934,NAN,0.06,0.42,0.15,-0.03,NAN,0.29,0.5
a01,b11,0.175,0.4247,NAN,0.8,0.9,0.88,0.35,0.94,0.33,0.67
gray,silver,0.4667,0.9129,0.1147,0.4,0.77,0.83,0.22,0.82,0.0,0.33
topLevelTarget,topLevelTargetID,0.6538,0.8392,0.7658,0.91,0.94,0.87,0.7,0.63,0.88,0.88
defHeaders,defHeaderName,0.5312,0.9184,0.8124,0.82,0.9,0.92,0.68,0.5,0.69,0.73
get,facets,0.1875,0.2155,0.208,0.09,0.48,0.31,-0.0,0.3,0.33,0.42
equal,cut,0.0385,0.0947,0.2049,0.09,0.51,0.09,0.15,0.34,0.2,0.4
start,begin,0.9423,0.9799,NAN,0.58,0.67,0.48,0.69,0.85,0.0,0.5
visible,showing,0.829,0.9038,NAN,0.55,0.7,0.54,-0.15,0.66,0.0,0.5
dataMax,dataMin,0.125,0.9738,NAN,0.94,0.96,0.97,0.6,0.97,0.71,0.86
len,ls,0.1965,0.3088,NAN,0.49,0.71,0.52,0.4,0.46,0.33,0.5
items,ranges,0.25,0.3562,0.7983,0.24,0.55,0.38,0.18,0.78,0.17,0.5
dispatchIDs,_dispatchIDs,0.828,0.9184,NAN,0.78,0.88,0.78,0.5,0.43,0.92,0.92
maroon,lightblue,0.0155,0.6731,0.1838,0.45,0.77,0.78,0.37,0.88,0.0,0.33
remove,focus,0.0395,0.0502,0.1062,0.27,0.6,0.54,0.28,0.75,0.0,0.42
b01,a03,0.1537,0.4569,0.0824,0.82,0.92,0.88,0.2,0.96,0.33,0.67
getAnimation,depot,0.0735,0.0309,NAN,0.19,0.57,0.78,0.44,0.59,0.17,0.29
translateX,translateY,0.2293,0.9563,NAN,0.98,0.97,0.97,0.64,0.94,0.9,0.95
mountDepth,updateComponent,0.0625,0.063,0.2915,0.38,0.5,0.85,0.31,0.48,0.13,0.4
left,bottom,0.125,0.6862,NAN,0.63,0.82,0.84,0.73,0.91,0.17,0.42
nodes,filenames,0.2223,0.448,NAN,0.39,0.46,0.39,-0.08,0.63,0.33,0.44
records,entries,0.8685,0.8624,1.0,0.41,0.53,0.52,0.14,0.76,0.29,0.57
adjusted_scale,rangy,0.3077,0.4367,0.242,0.27,0.39,0.27,0.35,NAN,0.0,0.18
PLACEHOLDER,vertexFormat,0.1168,0.1807,0.299,0.23,0.27,0.09,-0.22,0.44,0.0,0.46
vSpace,advisoryTitleInputLabel,0.0695,0.0557,0.0478,0.38,0.47,0.53,0.38,NAN,0.17,0.22
styleSelectLabel,tag_h4,0.2812,0.4116,0.1377,0.15,0.38,0.64,0.39,NAN,0.06,0.22
body,currants,0.1155,0.1953,0.276,0.26,0.47,0.04,0.29,0.5,0.0,0.25
alpha,rate,0.1138,0.1917,NAN,0.37,0.59,0.49,0.27,0.71,0.0,0.4
indices,positions,0.6965,0.8133,0.983,0.29,0.59,0.47,0.37,0.71,0.22,0.5
keyup,deferId,0.1168,0.1109,NAN,0.19,0.46,0.32,-0.11,0.43,0.14,0.43
getBorderWidth,getPadding,0.5295,0.8462,0.5999,0.79,0.76,0.9,0.6,0.97,0.36,0.54
foo,abc,0.5833,0.2155,0.8196,0.44,0.78,0.58,0.4,0.76,0.0,0.5
files,images,0.5,0.7385,0.807,0.47,0.6,0.49,-0.02,0.78,0.33,0.58
layers,entries,0.2668,0.3724,0.7488,0.38,0.5,0.44,0.22,0.67,0.14,0.5
generalTab,advancedTab,0.389,0.8839,0.0,0.63,0.76,0.91,0.77,0.98,0.27,0.59
targetPopup,popupResizable,0.328,0.6569,0.6966,0.51,0.63,0.85,0.45,NAN,0.07,0.43
start,searches,0.1168,0.1284,NAN,0.21,0.47,0.27,-0.16,0.45,0.38,0.5
a24,a30,0.3462,0.7385,0.734,0.87,0.95,0.81,0.25,0.97,0.33,0.67
push,configure,0.047,0.1501,NAN,0.06,0.49,0.17,0.14,0.55,0.11,0.28
len,ln,0.794,0.8462,0.8428,0.66,0.75,0.72,0.6,0.85,0.67,0.67
left,top,0.05,0.7646,NAN,0.8,0.88,0.91,0.81,0.98,0.0,0.38
lightgreen,lightgrey,0.1138,0.6433,0.2172,0.94,0.97,0.95,0.76,NAN,0.8,0.85
self,that,0.297,0.4932,0.4594,0.28,0.7,0.62,0.1,0.88,0.0,0.5
y,z,0.4265,0.477,NAN,0.58,0.86,0.73,0.58,0.84,0.0,0.5
push,ts,0.111,0.1138,NAN,0.12,0.56,0.29,0.01,0.24,0.25,0.38
element,elm,0.8678,0.9231,NAN,0.58,0.73,0.6,0.37,0.84,0.43,0.43
id,userid,0.7648,0.8308,0.8708,0.56,0.67,0.45,-0.02,0.77,0.33,0.33
id,sessionid,0.7205,0.8462,0.9169,0.41,0.55,0.45,0.12,0.71,0.22,0.22
expect,assume,0.6765,0.7539,0.7983,0.46,0.65,0.48,0.25,0.58,0.0,0.5
callback,cb,0.8595,0.8692,NAN,0.65,0.7,0.78,0.48,0.83,0.25,0.25
container,video,0.2082,0.3172,NAN,0.29,0.5,0.21,0.18,0.7,0.22,0.39
container,submenu,0.3595,0.4278,0.242,0.28,0.49,0.35,0.33,0.78,0.11,0.44
children,columns,0.2833,0.3201,0.7983,0.42,0.54,0.46,0.2,0.73,0.25,0.56
items,tiles,0.3125,0.4116,NAN,0.28,0.55,0.35,0.27,0.79,0.4,0.6
equal,ok,0.3195,0.3753,0.9052,0.7,0.8,0.67,0.65,0.76,0.0,0.2
miny,ypos,0.375,0.6825,0.0247,0.27,0.7,0.6,0.4,0.75,0.0,0.5
newLength,Group,0.0418,0.0267,0.1606,0.15,0.41,0.1,0.13,0.32,0.0,0.28
colspan,assignTo,0.0625,0.0847,0.29,0.1,0.39,0.21,0.22,0.08,0.12,0.44
setScrollTop,prefixWith,0.0795,0.1323,NAN,-0.15,0.22,0.03,0.32,0.84,0.0,0.42
getMinutes,getUTCMinutes,0.725,0.9085,0.9794,0.93,0.87,0.87,0.28,0.95,0.77,0.77
FONTDATA,FONTS,0.578,0.853,0.8931,0.92,0.92,0.95,0.54,0.75,0.5,0.56
ReactEmptyComponent,renderToStaticMarkup,0.1073,0.091,0.3695,0.6,0.65,0.65,0.22,0.55,0.1,0.52
images,streams,0.25,0.586,0.0404,0.27,0.46,0.35,-0.09,0.67,0.14,0.5
s1,s2,0.3552,0.7246,0.7833,0.97,0.96,0.99,0.56,0.89,0.5,0.75
precondition,prereq,0.8125,0.8692,0.8173,0.57,0.75,0.88,0.71,0.86,0.25,0.38
setAttributeNode,createAttribute,0.3678,0.7076,NAN,0.69,0.74,0.94,0.43,0.75,0.5,0.62
Connection,Client,0.2812,0.4608,NAN,0.74,0.74,0.87,0.36,0.81,0.3,0.45
dom__FixedSizeListIterator,_dom_pos,0.2655,0.5586,NAN,0.46,0.64,0.86,0.91,NAN,0.15,0.21
v2,v3,0.297,0.8039,NAN,0.85,0.9,0.92,0.5,0.91,0.5,0.75
trim,separatedList,0.163,0.2837,NAN,0.3,0.36,0.22,0.02,NAN,0.15,0.23
minVal,minValue,0.908,0.9587,0.6913,0.84,0.89,0.65,-0.2,0.77,0.75,0.75
btnModify,btnSetValue,0.6072,0.7385,0.8292,0.6,0.75,0.83,0.55,NAN,0.27,0.55
nodeLinkFn,childLinkFn,0.75,0.8593,0.8763,0.84,0.89,0.94,0.47,0.75,0.55,0.73
setMinutes,setSeconds,0.2205,0.9077,0.0593,0.77,0.86,0.97,0.72,0.99,0.4,0.7
obj1,obj2,0.6095,0.8039,0.5967,0.97,0.96,0.95,0.57,0.85,0.75,0.88
destroy,clear,0.6,0.8083,0.8296,0.55,0.69,0.63,0.55,0.93,0.14,0.43
panelTitle,panelTitle1,0.8815,0.9587,0.625,0.92,0.96,0.86,0.69,NAN,0.91,0.91
__dependency1__,__dependency2__,0.4643,0.9378,NAN,1.0,0.98,0.96,0.65,0.82,0.93,0.97
ace,__ace_shadowed__,0.5,0.7945,0.3489,0.44,0.66,0.84,0.69,NAN,0.19,0.19
m1,m2,0.5417,0.8112,NAN,0.94,0.93,0.89,0.69,0.84,0.5,0.75
latitude,longitude,0.0147,0.9385,NAN,0.91,0.94,0.97,0.67,0.96,0.67,0.78
item,record,0.6765,0.7694,0.9662,0.29,0.57,0.66,0.18,0.77,0.0,0.33
cols,rects,0.173,0.4166,NAN,0.41,0.66,0.4,-0.23,0.76,0.2,0.5
resetSize,popupFeatures,0.0418,0.1428,0.231,0.13,0.49,0.58,0.29,0.75,0.15,0.42
parentWindow,scanner,0.0735,0.0463,NAN,0.14,0.34,0.06,0.2,0.26,0.17,0.38
popupToolbar,popupDependent,0.25,0.6077,0.3865,0.63,0.75,0.9,0.34,NAN,0.36,0.61
cursor,intercept,0.15,0.2503,NAN,0.2,0.35,0.23,0.08,0.33,0.11,0.39
split,shim,0.264,0.3316,0.242,0.21,0.45,0.16,0.04,0.35,0.4,0.6
ranges,codes,0.1818,0.3818,0.0404,0.49,0.55,0.27,0.18,0.67,0.33,0.58
prereq,fnExists,0.1668,0.1109,NAN,0.34,0.76,0.91,0.67,0.01,0.0,0.38
styleSelectLabel,cssClassInputLabel,0.5625,0.6077,0.8547,0.64,0.74,0.94,0.74,NAN,0.44,0.67
ELEMENT_NODE,TEXT_NODE,0.5148,0.7999,0.8147,0.82,0.79,0.87,0.34,0.94,0.58,0.67
rlocalProtocol,rprotocol,0.7083,0.8839,0.9428,0.92,0.78,0.77,0.47,0.81,0.57,0.61
listeners,cbs,0.1922,0.0947,0.143,0.55,0.62,0.55,0.28,0.76,0.11,0.22
ranges,expressions,0.175,0.3724,NAN,0.38,0.46,0.45,0.17,0.78,0.18,0.36
segments,annotations,0.2655,0.3135,NAN,0.27,0.39,0.38,0.21,0.74,0.18,0.45
onPlay,onPause,0.1618,0.8768,NAN,0.83,0.83,0.84,0.17,0.94,0.43,0.64
clientY,_keyStr,0.1168,0.1109,NAN,0.2,0.41,0.21,0.07,0.4,0.14,0.57
oMatchesSelector,msMatchesSelector,0.6562,0.8692,0.4824,0.92,0.96,0.94,0.63,1.0,0.88,0.91
re,destruct,0.0207,0.063,0.0247,0.12,0.45,0.12,-0.04,0.46,0.12,0.19
click,dblclick,0.206,0.9691,NAN,0.75,0.75,0.66,0.39,0.82,0.62,0.62
columns,requests,0.125,0.1663,0.5999,0.24,0.49,0.31,0.17,0.75,0.25,0.56
a11,b12,0.1945,0.6804,0.1062,0.76,0.87,0.86,0.55,0.93,0.33,0.67
pink,brown,0.0938,0.6893,0.2204,0.38,0.74,0.82,0.63,0.91,0.0,0.4
floor,abs,0.1427,0.3462,NAN,0.65,0.82,0.82,0.76,0.9,0.0,0.3
math,miny,0.0177,0.3836,0.1581,0.47,0.63,0.44,0.27,0.35,0.25,0.62
alignTop,popupToolbar,0.147,0.2001,NAN,0.39,0.47,0.52,0.57,NAN,0.17,0.42
oDomRef,structuralType,0.0938,0.0194,NAN,0.14,0.34,0.27,0.2,0.59,0.0,0.25
dataAndEvents,deepDataAndEvents,0.7368,0.8624,0.8374,0.91,0.97,0.97,0.86,0.7,0.76,0.76
toggle,isLength,0.0147,0.0,0.1147,0.19,0.42,0.07,-0.04,0.32,0.12,0.44
defaults,DomRange,0.1332,0.2155,NAN,0.11,0.34,0.16,-0.07,0.44,0.0,0.5
advice,alternative,0.0695,0.1284,NAN,0.26,0.35,0.46,0.27,0.71,0.27,0.41
controller,mutator,0.3125,0.3789,0.242,0.23,0.31,0.22,0.11,0.55,0.2,0.45
files,locations,0.4465,0.4396,0.8585,0.25,0.46,0.3,-0.04,0.82,0.22,0.39
click,mouseup,0.4305,0.8692,0.143,0.51,0.67,0.73,0.34,0.9,0.0,0.36
inputs,resources,0.4167,0.6339,0.7932,0.29,0.45,0.32,-0.03,0.78,0.22,0.44
styleSelectLabel,inlineStyleInputLabel,0.5625,0.6569,NAN,0.72,0.74,0.91,0.24,NAN,0.48,0.62
a12,a13,0.5,0.8133,NAN,0.96,0.97,0.96,0.5,0.98,0.67,0.83
abs,sqrt,0.0177,0.6825,NAN,0.61,0.81,0.83,0.85,0.89,0.0,0.38
cells,segments,0.5938,0.6893,NAN,0.3,0.5,0.37,0.14,0.72,0.25,0.44
place,written,0.047,0.1009,0.3411,0.15,0.41,0.2,0.11,0.42,0.14,0.43
on,immediate,0.175,0.1893,0.208,0.1,0.51,0.25,-0.03,0.42,0.0,0.11
links,associations,0.6667,0.8039,NAN,0.33,0.42,0.42,-0.01,0.72,0.17,0.29
names,sources,0.578,0.6077,0.3489,0.37,0.54,0.52,0.11,0.81,0.29,0.5
minx,ymax,0.1168,0.6862,0.0404,0.58,0.79,0.71,0.27,0.83,0.25,0.62
cols,domains,0.25,0.4294,0.1819,0.19,0.47,0.13,0.04,0.72,0.29,0.43
ELEMENT_ARRAY_BUFFER,bufferData,0.5312,0.8366,0.875,0.51,0.75,0.9,0.52,0.55,0.0,0.25
equals,same,0.8333,0.9346,0.7225,0.58,0.68,0.67,0.43,0.65,0.17,0.42
nextTick,notification,0.1345,0.2356,NAN,0.32,0.43,0.39,0.02,0.33,0.25,0.46
cfg,conf,0.9445,0.8546,0.9428,0.43,0.66,0.37,0.25,0.73,0.25,0.5
wrapper,scroller,0.3845,0.477,0.0404,0.39,0.52,0.46,0.62,0.69,0.38,0.62
userA,userB,0.4605,0.9174,0.7958,0.95,0.94,0.95,0.4,0.97,0.8,0.9
columns,datasets,0.1875,0.4278,NAN,0.48,0.53,0.62,0.09,0.71,0.12,0.5
limit,exponent,0.1537,0.3562,NAN,0.19,0.5,0.41,0.01,0.77,0.12,0.38
onTouchStart,onTouchMove,0.4545,0.7861,0.9397,0.88,0.92,0.95,0.33,0.96,0.58,0.75
sender,timeEnd,0.0625,0.1064,NAN,0.12,0.45,0.34,-0.11,0.43,0.14,0.43
scaleX,scaleY,0.1668,0.9783,NAN,0.97,0.97,0.99,0.61,0.95,0.83,0.92
ui,secret,0.0735,0.0463,0.3489,0.05,0.5,0.09,0.33,0.54,0.0,0.17
builtinConstants,buildinConstants,0.6315,0.8073,0.9023,0.91,0.92,0.93,0.34,0.97,0.94,0.97
objects,images,NAN,NAN,0.8986,0.33,0.58,0.44,-0.21,0.73,0.14,0.5
items,images,NAN,NAN,0.8436,0.39,0.6,0.4,-0.09,0.83,0.33,0.58
items,links,NAN,NAN,0.7983,0.39,0.57,0.52,-0.06,0.75,0.2,0.6
canvas,image,NAN,NAN,0.9397,0.47,0.68,0.6,0.59,0.71,0.0,0.42
files,filenames,NAN,NAN,0.9186,0.8,0.76,0.76,0.34,0.78,0.56,0.56
margin,padding,NAN,NAN,0.9369,0.62,0.74,0.78,0.62,0.87,0.43,0.64
destroy,dispose,NAN,NAN,0.3022,0.48,0.63,0.5,0.5,0.85,0.29,0.64
